Name,Contact,Summary,Education,Work Experience,Skills,Certifications
John Doe,johndoe@email.com, (123) 456-7890,"Software Engineer with 5+ years of experience in full-stack development","B.S. in Computer Science, University of California, Berkeley (2018)","Software Engineer, TechCorp (2019-Present); Intern, CodeWorks (2018)","JavaScript, React, Node.js, SQL","AWS Certified Developer (2021)"
Jane Smith,janesmith@email.com, (234) 567-8901,"Data Scientist with expertise in machine learning and data visualization","M.S. in Data Science, Stanford University (2020)","Data Scientist, DataInsights (2020-Present); Data Analyst, Statify (2018-2020)","Python, R, SQL, Tableau","Google Data Analytics Professional Certificate (2022)"
Michael Brown,michaelb@email.com, (345) 678-9012,"Marketing Manager with 7+ years of experience in digital marketing","B.A. in Marketing, Northwestern University (2015)","Marketing Manager, Brandify (2018-Present); Digital Marketing Specialist, AdvertiseMe (2015-2018)","SEO, PPC, Google Analytics","HubSpot Content Marketing Certification (2020)"
Emily Johnson,emilyj@email.com, (456) 789-0123,"Graphic Designer with expertise in branding and UI/UX design","B.F.A. in Graphic Design, Savannah College of Art and Design (2017)","Senior Graphic Designer, CreativeStudio (2019-Present); Graphic Designer, DesignWorks (2017-2019)","Adobe Photoshop, Illustrator, Figma","Adobe Certified Expert (2021)"
David Wilson,davidw@email.com, (567) 890-1234,"Financial Analyst with 6+ years of experience in budgeting and forecasting","B.S. in Finance, University of Washington (2016)","Financial Analyst, FinCorp (2018-Present); Junior Analyst, BudgetPro (2016-2018)","Financial Modeling, Excel, SAP","CFA Level 1 (2020)"
Sarah Lee,sarahl@email.com, (678) 901-2345,"HR Manager with 8+ years of experience in talent acquisition","B.A. in Human Resources, Boston University (2014)","HR Manager, TalentHub (2017-Present); HR Coordinator, PeopleFirst (2014-2017)","Recruitment, Employee Relations","SHRM-CP (2018)"
Alex Green,alexg@email.com, (789) 012-3456,"Product Manager with 5+ years of experience in agile product development","B.S. in Business Administration, UCLA (2017)","Product Manager, InnovateTech (2019-Present); Associate Product Manager, TechStart (2017-2019)","Agile Methodology, Jira","Certified Scrum Product Owner (2021)"
Olivia White,oliviaw@email.com, (890) 123-4567,"Sales Executive with 10+ years of experience in B2B sales","B.A. in Business, University of Miami (2012)","Sales Executive, SalesPro (2016-Present); Sales Representative, MarketLeaders (2012-2016)","Negotiation, CRM, Account Management","Salesforce Certified Sales Professional (2020)"
Daniel Harris,danielh@email.com, (901) 234-5678,"Cybersecurity Analyst with expertise in threat detection","B.S. in Cybersecurity, Colorado State University (2019)","Cybersecurity Analyst, SecureIT (2020-Present); IT Security Intern, CyberSafe (2019)","SIEM, Penetration Testing","CompTIA Security+ (2021)"
Sophia Martinez,sophiam@email.com, (012) 345-6789,"Content Writer with 5+ years of experience in creating engaging content","B.A. in English, Arizona State University (2017)","Content Writer, WriteNow (2019-Present); Freelance Writer (2017-2019)","SEO, Copywriting, WordPress","HubSpot Content Marketing Certification (2020)"
William Taylor,williamt@email.com, (123) 456-7890,"Operations Manager with 8+ years of experience in supply chain management","B.S. in Operations Management, University of Texas (2014)","Operations Manager, SupplyChainPro (2017-Present); Logistics Coordinator, FastLogistics (2014-2017)","Supply Chain Management, Lean Six Sigma","Lean Six Sigma Green Belt (2018)"
Ava Anderson,avaa@email.com, (234) 567-8901,"UX/UI Designer with 4+ years of experience in user-centered design","B.F.A. in Interaction Design, ArtCenter College of Design (2018)","UX/UI Designer, DesignLab (2019-Present); Junior Designer, CreativeAgency (2018-2019)","Figma, Sketch, User Research","Nielsen Norman Group UX Certification (2021)"
James Clark,jamesc@email.com, (345) 678-9012,"Project Manager with 7+ years of experience in IT project management","B.S. in Information Technology, Georgia Tech (2015)","Project Manager, IT Solutions (2018-Present); IT Consultant, TechAdvisors (2015-2018)","Project Management, Agile, Jira","PMP Certification (2020)"
Mia Rodriguez,miar@email.com, (456) 789-0123,"Social Media Manager with 5+ years of experience in social media campaigns","B.A. in Communications, University of Houston (2017)","Social Media Manager, SocialBuzz (2019-Present); Social Media Coordinator, MediaWorks (2017-2019)","Social Media Strategy, Hootsuite","Hootsuite Social Marketing Certification (2021)"
Ethan Walker,ethanw@email.com, (567) 890-1234,"Environmental Scientist with 6+ years of experience in sustainability","M.S. in Environmental Science, Oregon State University (2016)","Environmental Scientist, GreenEarth (2018-Present); Research Assistant, EcoLab (2016-2018)","Environmental Impact Assessment, GIS","LEED Green Associate (2019)"